Executable,Number_Messages,Nodes,TTC,Throughput,System,parallel_tasks,Partitions,Dask-Config,Dask_Nodes
PeakFinder,500,1.0,95.3795940876,5.24221144767,Wrangler,1,12,dask-distributed,1.0
PeakFinder,500,1.0,56.7776861191,8.80627644725,Wrangler,2,12,dask-distributed,1.0
PeakFinder,500,1.0,48.2084639072,10.3716227292,Wrangler,3,12,dask-distributed,1.0
PeakFinder,500,1.0,61.3770880699,8.14636235969,Wrangler,4,12,dask-distributed,1.0
PeakFinder,500,1.0,66.7915589809,7.4859758872,Wrangler,5,12,dask-distributed,1.0
PeakFinder,500,1.0,84.7887849808,5.89700630942,Wrangler,6,12,dask-distributed,1.0
PeakFinder,500,1.0,76.1459619999,6.56633637383,Wrangler,7,12,dask-distributed,1.0
PeakFinder,500,1.0,93.9836161137,5.3200762077,Wrangler,8,12,dask-distributed,1.0
PeakFinder,500,1.0,71.6914889812,6.9743285724,Wrangler,9,12,dask-distributed,1.0
PeakFinder,500,1.0,62.8806900978,7.95156667686,Wrangler,10,12,dask-distributed,1.0
PeakFinder,500,1.0,67.7900400162,7.37571477876,Wrangler,11,12,dask-distributed,1.0
PeakFinder,500,1.0,93.4939389229,5.34794025966,Wrangler,12,12,dask-distributed,1.0
PeakFinder,500,1.0,59.7773211002,8.36437616804,Wrangler,13,12,dask-distributed,1.0
PeakFinder,500,1.0,89.578815937,5.58167681465,Wrangler,14,12,dask-distributed,1.0
PeakFinder,500,1.0,50.1594388485,9.96821359007,Wrangler,15,12,dask-distributed,1.0
PeakFinder,500,1.0,72.3264870644,6.91309671317,Wrangler,16,12,dask-distributed,1.0
PeakFinder,500,1.0,108.353290081,4.61453454368,Wrangler,17,12,dask-distributed,1.0
PeakFinder,500,1.0,84.2648639679,5.93367124156,Wrangler,18,12,dask-distributed,1.0
PeakFinder,500,1.0,35.5424010754,14.0677046252,Wrangler,19,12,dask-distributed,1.0
PeakFinder,500,1.0,81.5615501404,6.13033959187,Wrangler,20,12,dask-distributed,1.0
PeakFinder,500,1.0,63.2837979794,7.90091644252,Wrangler,21,12,dask-distributed,1.0
PeakFinder,500,1.0,111.00952816,4.50411787427,Wrangler,22,12,dask-distributed,1.0
PeakFinder,500,1.0,71.0667078495,7.03564320242,Wrangler,23,12,dask-distributed,1.0
PeakFinder,500,1.0,65.2867012024,7.65852755295,Wrangler,24,12,dask-distributed,1.0
PeakFinder,500,1.0,101.048243999,4.94813150838,Wrangler,1,12,dask-distributed,1.0
PeakFinder,500,1.0,56.9039008617,8.78674383352,Wrangler,2,12,dask-distributed,1.0
PeakFinder,500,1.0,90.6821138859,5.51376648133,Wrangler,1,12,dask-distributed,1.0
PeakFinder,500,1.0,54.5430529118,9.16707029232,Wrangler,2,12,dask-distributed,1.0
PeakFinder,500,1.0,49.7055158615,10.0592457665,Wrangler,3,12,dask-distributed,1.0
PeakFinder,500,1.0,67.1424379349,7.44685500525,Wrangler,4,12,dask-distributed,1.0
PeakFinder,500,1.0,73.2107300758,6.82959997096,Wrangler,5,12,dask-distributed,1.0
PeakFinder,500,1.0,48.3095901012,10.3499118695,Wrangler,6,12,dask-distributed,1.0
PeakFinder,500,1.0,82.1669690609,6.08517030279,Wrangler,7,12,dask-distributed,1.0
PeakFinder,500,1.0,85.3774170876,5.85634957178,Wrangler,8,12,dask-distributed,1.0
PeakFinder,500,1.0,75.3067219257,6.63951354161,Wrangler,9,12,dask-distributed,1.0
PeakFinder,500,1.0,83.1208519936,6.01533776433,Wrangler,10,12,dask-distributed,1.0
PeakFinder,500,1.0,65.2997508049,7.65699706104,Wrangler,11,12,dask-distributed,1.0
PeakFinder,500,1.0,62.494246006,8.00073657904,Wrangler,12,12,dask-distributed,1.0
PeakFinder,500,1.0,88.3833668232,5.65717304026,Wrangler,13,12,dask-distributed,1.0
PeakFinder,500,1.0,98.7245359421,5.06459711589,Wrangler,14,12,dask-distributed,1.0
PeakFinder,500,1.0,85.5848391056,5.84215621862,Wrangler,15,12,dask-distributed,1.0
PeakFinder,500,1.0,61.2410280704,8.16446124034,Wrangler,16,12,dask-distributed,1.0
PeakFinder,500,1.0,93.201736927,5.36470688729,Wrangler,17,12,dask-distributed,1.0
PeakFinder,500,1.0,55.7792520523,8.96390649934,Wrangler,18,12,dask-distributed,1.0
PeakFinder,500,1.0,91.2434239388,5.47984696777,Wrangler,19,12,dask-distributed,1.0
PeakFinder,500,1.0,70.7327969074,7.06885662466,Wrangler,20,12,dask-distributed,1.0
PeakFinder,500,1.0,80.12332201,6.24038029698,Wrangler,21,12,dask-distributed,1.0
PeakFinder,500,1.0,88.2075779438,5.66844722024,Wrangler,22,12,dask-distributed,1.0
PeakFinder,500,1.0,54.3829438686,9.19405910073,Wrangler,23,12,dask-distributed,1.0
PeakFinder,500,1.0,117.484112024,4.25589461745,Wrangler,24,12,dask-distributed,1.0
PeakFinder,500,1.0,98.2345919609,5.08985674007,Wrangler,1,24,dask-distributed,1.0
PeakFinder,500,1.0,91.0991489887,5.48852547527,Wrangler,1,24,dask-distributed,1.0
PeakFinder,500,1.0,54.9436769485,9.10022822951,Wrangler,2,24,dask-distributed,1.0
PeakFinder,500,1.0,62.2477879524,8.03241394509,Wrangler,3,24,dask-distributed,1.0
PeakFinder,500,1.0,74.361194849,6.72393714242,Wrangler,4,24,dask-distributed,1.0
PeakFinder,500,1.0,67.0425641537,7.45794863773,Wrangler,5,24,dask-distributed,1.0
PeakFinder,500,1.0,77.5789761543,6.44504509837,Wrangler,6,24,dask-distributed,1.0
PeakFinder,500,1.0,67.6692080498,7.38888505437,Wrangler,7,24,dask-distributed,1.0
PeakFinder,500,1.0,101.827593088,4.91026041995,Wrangler,8,24,dask-distributed,1.0
PeakFinder,500,1.0,65.6485061646,7.61631953584,Wrangler,9,24,dask-distributed,1.0
PeakFinder,500,1.0,76.5372610092,6.53276578502,Wrangler,10,24,dask-distributed,1.0
PeakFinder,500,1.0,89.6796090603,5.57540343049,Wrangler,11,24,dask-distributed,1.0
PeakFinder,500,1.0,90.7911598682,5.50714409559,Wrangler,1,24,dask-distributed-gpfs,1.0
PeakFinder,500,1.0,54.9199979305,9.10415183614,Wrangler,2,24,dask-distributed-gpfs,1.0
PeakFinder,500,1.0,45.9481418133,10.8818328722,Wrangler,3,24,dask-distributed-gpfs,1.0
PeakFinder,500,1.0,90.6838450432,5.51366122336,Wrangler,1,24,dask-distributed-kafka-gpfs,1.0
PeakFinder,500,1.0,55.5209572315,9.00560842125,Wrangler,2,24,dask-distributed-kafka-gpfs,1.0
PeakFinder,500,1.0,47.0089919567,10.6362629614,Wrangler,3,24,dask-distributed-kafka-gpfs,1.0
PeakFinder,500,1.0,43.6453859806,11.4559646745,Wrangler,4,24,dask-distributed-kafka-gpfs,1.0
PeakFinder,500,1.0,40.1969139576,12.4387658348,Wrangler,5,24,dask-distributed-kafka-gpfs,1.0
PeakFinder,500,1.0,43.5457339287,11.4821810288,Wrangler,6,24,dask-distributed-kafka-gpfs,1.0
PeakFinder,500,1.0,37.7371749878,13.2495344488,Wrangler,7,24,dask-distributed-kafka-gpfs,1.0
PeakFinder,500,1.0,39.340170145,12.7096552495,Wrangler,8,24,dask-distributed-kafka-gpfs,1.0
PeakFinder,500,1.0,46.612555027,10.7267237273,Wrangler,9,24,dask-distributed-kafka-gpfs,1.0
PeakFinder,500,1.0,35.5363349915,14.0701059949,Wrangler,10,24,dask-distributed-kafka-gpfs,1.0
PeakFinder,500,1.0,33.6842551231,14.8437303474,Wrangler,11,24,dask-distributed-kafka-gpfs,1.0
PeakFinder,500,1.0,32.8816320896,15.2060578574,Wrangler,12,24,dask-distributed-kafka-gpfs,1.0
PeakFinder,500,1.0,28.9197258949,17.2892371738,Wrangler,13,24,dask-distributed-kafka-gpfs,1.0
PeakFinder,500,1.0,28.8754439354,17.315751097,Wrangler,14,24,dask-distributed-kafka-gpfs,1.0
PeakFinder,500,1.0,29.982257843,16.6765292533,Wrangler,15,24,dask-distributed-kafka-gpfs,1.0
PeakFinder,500,1.0,36.4866631031,13.7036373698,Wrangler,16,24,dask-distributed-kafka-gpfs,1.0
PeakFinder,500,1.0,58.0808138847,8.60869479192,Wrangler,17,24,dask-distributed-kafka-gpfs,1.0
PeakFinder,500,1.0,28.8768150806,17.3149289007,Wrangler,18,24,dask-distributed-kafka-gpfs,1.0
PeakFinder,500,1.0,28.8251421452,17.3459682343,Wrangler,19,24,dask-distributed-kafka-gpfs,1.0
PeakFinder,500,1.0,93.6426000595,5.3394502041,Wrangler,20,24,dask-distributed-kafka-gpfs,1.0
PeakFinder,500,1.0,33.337542057,14.9981063134,Wrangler,21,24,dask-distributed-kafka-gpfs,1.0
PeakFinder,500,1.0,68.7156608105,7.27636166345,Wrangler,22,24,dask-distributed-kafka-gpfs,1.0
PeakFinder,500,1.0,38.8024680614,12.885778276,Wrangler,23,24,dask-distributed-kafka-gpfs,1.0
PeakFinder,500,1.0,63.3390479088,7.89402456317,Wrangler,24,24,dask-distributed-kafka-gpfs,1.0
PeakFinder,500,1.0,37.3299460411,13.394072401,Wrangler,5,24,dask-distributed-kafka-gpfs,1.0
PeakFinder,500,1.0,49.0143699646,10.2010900142,Wrangler,6,24,dask-distributed-kafka-gpfs,1.0
PeakFinder,500,1.0,43.9624249935,11.3733489468,Wrangler,7,24,dask-distributed-kafka-gpfs,1.0
PeakFinder,500,1.0,37.9911048412,13.1609754991,Wrangler,8,24,dask-distributed-kafka-gpfs,1.0
PeakFinder,500,1.0,32.8913068771,15.2015850835,Wrangler,9,24,dask-distributed-kafka-gpfs,1.0
PeakFinder,500,1.0,37.8380498886,13.2142116592,Wrangler,10,24,dask-distributed-kafka-gpfs,1.0
PeakFinder,500,1.0,31.1383740902,16.0573573479,Wrangler,11,24,dask-distributed-kafka-gpfs,1.0
PeakFinder,500,1.0,31.4213590622,15.912742635,Wrangler,12,24,dask-distributed-kafka-gpfs,1.0
PeakFinder,500,1.0,31.2338759899,16.0082597549,Wrangler,13,24,dask-distributed-kafka-gpfs,1.0
PeakFinder,500,1.0,57.4962420464,8.69622052163,Wrangler,14,24,dask-distributed-kafka-gpfs,1.0
PeakFinder,500,1.0,48.8108780384,10.243618228,Wrangler,15,24,dask-distributed-kafka-gpfs,1.0
PeakFinder,500,1.0,29.608342886,16.8871321818,Wrangler,16,24,dask-distributed-kafka-gpfs,1.0
PeakFinder,500,1.0,38.1980109215,13.0896868171,Wrangler,17,24,dask-distributed-kafka-gpfs,1.0
PeakFinder,500,1.0,47.7712488174,10.4665465605,Wrangler,18,24,dask-distributed-kafka-gpfs,1.0
PeakFinder,500,1.0,48.4730160236,10.3150173234,Wrangler,19,24,dask-distributed-kafka-gpfs,1.0
PeakFinder,500,1.0,29.4453701973,16.9805981942,Wrangler,20,24,dask-distributed-kafka-gpfs,1.0
PeakFinder,500,1.0,76.8283782005,6.50801190538,Wrangler,21,24,dask-distributed-kafka-gpfs,1.0
PeakFinder,500,1.0,38.5300240517,12.9768930154,Wrangler,22,24,dask-distributed-kafka-gpfs,1.0
PeakFinder,500,1.0,78.8636679649,6.34005509638,Wrangler,23,24,dask-distributed-kafka-gpfs,1.0
PeakFinder,500,1.0,68.4807021618,7.30132700478,Wrangler,24,24,dask-distributed-kafka-gpfs,1.0
PeakFinder,500,1.0,92.1381080151,5.42663628298,Wrangler,1,24,dask-distributed-kafka-gpfs,1.0
PeakFinder,500,1.0,56.5210309029,8.84626469144,Wrangler,2,24,dask-distributed-kafka-gpfs,1.0
PeakFinder,500,1.0,46.706001997,10.7052622494,Wrangler,3,24,dask-distributed-kafka-gpfs,1.0
PeakFinder,500,1.0,40.3349499702,12.3961973516,Wrangler,4,24,dask-distributed-kafka-gpfs,1.0
PeakFinder,500,1.0,40.6041650772,12.3140076652,Wrangler,5,24,dask-distributed-kafka-gpfs,1.0
PeakFinder,500,1.0,35.334692955,14.1503988909,Wrangler,6,24,dask-distributed-kafka-gpfs,1.0
PeakFinder,500,1.0,35.2122039795,14.1996223892,Wrangler,7,24,dask-distributed-kafka-gpfs,1.0
PeakFinder,500,1.0,33.1965579987,15.0618024923,Wrangler,8,24,dask-distributed-kafka-gpfs,1.0
PeakFinder,500,1.0,32.1324160099,15.5606101902,Wrangler,9,24,dask-distributed-kafka-gpfs,1.0
PeakFinder,500,1.0,31.8883960247,15.6796848488,Wrangler,10,24,dask-distributed-kafka-gpfs,1.0
PeakFinder,500,1.0,32.2843680382,15.4873714551,Wrangler,11,24,dask-distributed-kafka-gpfs,1.0
PeakFinder,500,1.0,45.2632842064,11.0464808015,Wrangler,12,24,dask-distributed-kafka-gpfs,1.0
PeakFinder,500,1.0,39.9504041672,12.5155179384,Wrangler,13,24,dask-distributed-kafka-gpfs,1.0
PeakFinder,500,1.0,34.0379621983,14.6894810297,Wrangler,14,24,dask-distributed-kafka-gpfs,1.0
PeakFinder,500,1.0,48.5189869404,10.3052440195,Wrangler,15,24,dask-distributed-kafka-gpfs,1.0
PeakFinder,500,1.0,43.9322710037,11.3811553233,Wrangler,16,24,dask-distributed-kafka-gpfs,1.0
PeakFinder,500,1.0,29.4889400005,16.9555094212,Wrangler,17,24,dask-distributed-kafka-gpfs,1.0
PeakFinder,500,1.0,52.5339810848,9.51764914204,Wrangler,18,24,dask-distributed-kafka-gpfs,1.0
PeakFinder,500,1.0,33.9929871559,14.7089162158,Wrangler,19,24,dask-distributed-kafka-gpfs,1.0
PeakFinder,500,1.0,33.2434909344,15.0405383414,Wrangler,20,24,dask-distributed-kafka-gpfs,1.0
PeakFinder,500,1.0,76.6731991768,6.52118348221,Wrangler,21,24,dask-distributed-kafka-gpfs,1.0
PeakFinder,500,1.0,43.2054300308,11.5726194518,Wrangler,22,24,dask-distributed-kafka-gpfs,1.0
PeakFinder,500,1.0,62.9674429893,7.9406114694,Wrangler,23,24,dask-distributed-kafka-gpfs,1.0
PeakFinder,500,1.0,47.2614340782,10.5794504494,Wrangler,24,24,dask-distributed-kafka-gpfs,1.0
PeakFinder,500,1.0,96.4444720745,5.18433031199,Wrangler,1,12,dask-distributed-kafka-gpfs,1.0
PeakFinder,500,1.0,56.9366629124,8.78168783389,Wrangler,2,12,dask-distributed-kafka-gpfs,1.0
PeakFinder,500,1.0,46.7116520405,10.7039673863,Wrangler,3,12,dask-distributed-kafka-gpfs,1.0
PeakFinder,500,1.0,40.8468539715,12.2408447992,Wrangler,4,12,dask-distributed-kafka-gpfs,1.0
PeakFinder,500,1.0,37.2447218895,13.4247209976,Wrangler,5,12,dask-distributed-kafka-gpfs,1.0
PeakFinder,500,1.0,35.9969558716,13.8900634205,Wrangler,6,12,dask-distributed-kafka-gpfs,1.0
PeakFinder,500,1.0,34.5924761295,14.4540101185,Wrangler,7,12,dask-distributed-kafka-gpfs,1.0
PeakFinder,500,1.0,32.6936759949,15.2934775544,Wrangler,8,12,dask-distributed-kafka-gpfs,1.0
PeakFinder,500,1.0,36.54798913,13.6806432283,Wrangler,9,12,dask-distributed-kafka-gpfs,1.0
PeakFinder,500,1.0,32.292383194,15.4835274002,Wrangler,10,12,dask-distributed-kafka-gpfs,1.0
PeakFinder,500,1.0,36.3598790169,13.7514208936,Wrangler,11,12,dask-distributed-kafka-gpfs,1.0
PeakFinder,500,1.0,31.8372089863,15.7048942392,Wrangler,12,12,dask-distributed-kafka-gpfs,1.0
PeakFinder,500,1.0,39.7594490051,12.5756269896,Wrangler,13,12,dask-distributed-kafka-gpfs,1.0
PeakFinder,500,1.0,48.6330659389,10.2810709205,Wrangler,14,12,dask-distributed-kafka-gpfs,1.0
PeakFinder,500,1.0,33.1412570477,15.0869352747,Wrangler,15,12,dask-distributed-kafka-gpfs,1.0
PeakFinder,500,1.0,63.7525541782,7.84282302795,Wrangler,16,12,dask-distributed-kafka-gpfs,1.0
PeakFinder,500,1.0,59.9040150642,8.34668593522,Wrangler,17,12,dask-distributed-kafka-gpfs,1.0
PeakFinder,500,1.0,61.8467841148,8.08449472606,Wrangler,18,12,dask-distributed-kafka-gpfs,1.0
PeakFinder,500,1.0,54.4363400936,9.18504071251,Wrangler,19,12,dask-distributed-kafka-gpfs,1.0
PeakFinder,500,1.0,64.2501039505,7.78208857662,Wrangler,20,12,dask-distributed-kafka-gpfs,1.0
PeakFinder,500,1.0,38.1846139431,13.0942793017,Wrangler,21,12,dask-distributed-kafka-gpfs,1.0
PeakFinder,500,1.0,38.6653602123,12.9314714063,Wrangler,22,12,dask-distributed-kafka-gpfs,1.0
PeakFinder,500,1.0,63.5292930603,7.87038507615,Wrangler,23,12,dask-distributed-kafka-gpfs,1.0
PeakFinder,500,1.0,54.0830380917,9.24504276466,Wrangler,24,12,dask-distributed-kafka-gpfs,1.0
PeakFinder,500,1.0,97.4724159241,5.12965637775,Wrangler,1,24,dask-distributed-kafka-gpfs,1.0
PeakFinder,500,1.0,56.1936340332,8.89780503793,Wrangler,2,24,dask-distributed-kafka-gpfs,1.0
PeakFinder,500,1.0,44.3005259037,11.2865477283,Wrangler,3,24,dask-distributed-kafka-gpfs,1.0
PeakFinder,500,1.0,40.5434310436,12.3324540408,Wrangler,4,24,dask-distributed-kafka-gpfs,1.0
PeakFinder,500,1.0,36.0459740162,13.871174622,Wrangler,5,24,dask-distributed-kafka-gpfs,1.0
PeakFinder,500,1.0,43.6749989986,11.4481971715,Wrangler,6,24,dask-distributed-kafka-gpfs,1.0
PeakFinder,500,1.0,37.7888131142,13.2314290605,Wrangler,7,24,dask-distributed-kafka-gpfs,1.0
PeakFinder,500,1.0,41.7433240414,11.9779632188,Wrangler,8,24,dask-distributed-kafka-gpfs,1.0
PeakFinder,500,1.0,46.3138520718,10.7959061411,Wrangler,9,24,dask-distributed-kafka-gpfs,1.0
PeakFinder,500,1.0,30.9897110462,16.1343872892,Wrangler,10,24,dask-distributed-kafka-gpfs,1.0
PeakFinder,500,1.0,40.2035820484,12.4367027644,Wrangler,11,24,dask-distributed-kafka-gpfs,1.0
PeakFinder,500,1.0,34.2415091991,14.6021601178,Wrangler,12,24,dask-distributed-kafka-gpfs,1.0
PeakFinder,500,1.0,29.9451541901,16.697192368,Wrangler,13,24,dask-distributed-kafka-gpfs,1.0
PeakFinder,500,1.0,48.0935969353,10.3963943615,Wrangler,14,24,dask-distributed-kafka-gpfs,1.0
PeakFinder,500,1.0,29.1865649223,17.131169815,Wrangler,15,24,dask-distributed-kafka-gpfs,1.0
PeakFinder,500,1.0,62.4085922241,8.0117173322,Wrangler,16,24,dask-distributed-kafka-gpfs,1.0
PeakFinder,500,1.0,89.0255358219,5.616366084,Wrangler,1,12,kafka-gpfs-flush-10s,1.0
PeakFinder,500,1.0,54.8561840057,9.11474265049,Wrangler,2,12,kafka-gpfs-flush-10s,1.0
PeakFinder,500,1.0,47.2003831863,10.5931343402,Wrangler,3,12,kafka-gpfs-flush-10s,1.0
PeakFinder,500,1.0,43.00060606,11.6277430905,Wrangler,4,12,kafka-gpfs-flush-10s,1.0
PeakFinder,500,1.0,40.7923600674,12.2571971608,Wrangler,5,12,kafka-gpfs-flush-10s,1.0
PeakFinder,500,1.0,39.1868059635,12.7593966312,Wrangler,6,12,kafka-gpfs-flush-10s,1.0
PeakFinder,500,1.0,37.2832322121,13.4108544333,Wrangler,7,12,kafka-gpfs-flush-10s,1.0
PeakFinder,500,1.0,38.9733860493,12.8292676281,Wrangler,8,12,kafka-gpfs-flush-10s,1.0
PeakFinder,500,1.0,36.5254569054,13.6890826936,Wrangler,9,12,kafka-gpfs-flush-10s,1.0
PeakFinder,500,1.0,49.6613938808,10.0681829672,Wrangler,10,12,kafka-gpfs-flush-10s,1.0
PeakFinder,500,1.0,32.5350449085,15.3680439479,Wrangler,11,12,kafka-gpfs-flush-10s,1.0
PeakFinder,500,1.0,28.8605630398,17.3246793318,Wrangler,12,12,kafka-gpfs-flush-10s,1.0
PeakFinder,500,1.0,32.7213020325,15.280565532,Wrangler,13,12,kafka-gpfs-flush-10s,1.0
PeakFinder,500,1.0,29.8681411743,16.7402449681,Wrangler,14,12,kafka-gpfs-flush-10s,1.0
PeakFinder,500,1.0,68.3389520645,7.31647157141,Wrangler,15,12,kafka-gpfs-flush-10s,1.0
PeakFinder,500,1.0,54.1248281002,9.23790462806,Wrangler,16,12,kafka-gpfs-flush-10s,1.0
PeakFinder,500,1.0,43.9503798485,11.3764659537,Wrangler,17,12,kafka-gpfs-flush-10s,1.0
PeakFinder,500,1.0,38.1849739552,13.0941558475,Wrangler,18,12,kafka-gpfs-flush-10s,1.0
PeakFinder,500,1.0,29.5117430687,16.9424082758,Wrangler,19,12,kafka-gpfs-flush-10s,1.0
PeakFinder,500,1.0,54.7629189491,9.13026569063,Wrangler,20,12,kafka-gpfs-flush-10s,1.0
PeakFinder,500,1.0,49.2587060928,10.1504899267,Wrangler,21,12,kafka-gpfs-flush-10s,1.0
PeakFinder,500,1.0,53.2243680954,9.39419325944,Wrangler,22,12,kafka-gpfs-flush-10s,1.0
PeakFinder,500,1.0,80.7845420837,6.18930289265,Wrangler,23,12,kafka-gpfs-flush-10s,1.0
PeakFinder,500,1.0,74.1031501293,6.74735148408,Wrangler,24,12,kafka-gpfs-flush-10s,1.0
PeakFinder,500,1.0,90.3348908424,5.53495991789,Wrangler,1,24,kafka-gpfs-producer_linger_5s,1.0
PeakFinder,500,1.0,56.2144441605,8.89451114331,Wrangler,2,24,kafka-gpfs-producer_linger_5s,1.0
PeakFinder,500,1.0,46.3475010395,10.7880681544,Wrangler,3,24,kafka-gpfs-producer_linger_5s,1.0
PeakFinder,500,1.0,43.3921639919,11.5228178086,Wrangler,4,24,kafka-gpfs-producer_linger_5s,1.0
PeakFinder,500,1.0,44.1931550503,11.3139693111,Wrangler,5,24,kafka-gpfs-producer_linger_5s,1.0
PeakFinder,500,1.0,39.8399949074,12.5502024075,Wrangler,6,24,kafka-gpfs-producer_linger_5s,1.0
PeakFinder,500,1.0,38.7961997986,12.8878602182,Wrangler,7,24,kafka-gpfs-producer_linger_5s,1.0
PeakFinder,500,1.0,38.7482390404,12.9038122088,Wrangler,8,24,kafka-gpfs-producer_linger_5s,1.0
PeakFinder,500,1.0,36.439622879,13.7213275137,Wrangler,9,24,kafka-gpfs-producer_linger_5s,1.0
PeakFinder,500,1.0,60.9179270267,8.20776451865,Wrangler,10,24,kafka-gpfs-producer_linger_5s,1.0
PeakFinder,500,1.0,32.5252819061,15.3726569209,Wrangler,11,24,kafka-gpfs-producer_linger_5s,1.0
PeakFinder,500,1.0,33.828248024,14.7805467089,Wrangler,12,24,kafka-gpfs-producer_linger_5s,1.0
PeakFinder,500,1.0,28.6915168762,17.4267537738,Wrangler,13,24,kafka-gpfs-producer_linger_5s,1.0
PeakFinder,500,1.0,57.8244020939,8.64686848276,Wrangler,14,24,kafka-gpfs-producer_linger_5s,1.0
PeakFinder,500,1.0,29.3717670441,17.0231501309,Wrangler,15,24,kafka-gpfs-producer_linger_5s,1.0
PeakFinder,500,1.0,49.5561158657,10.0895720188,Wrangler,16,24,kafka-gpfs-producer_linger_5s,1.0
PeakFinder,500,1.0,43.9656260014,11.3725208868,Wrangler,17,24,kafka-gpfs-producer_linger_5s,1.0
PeakFinder,500,1.0,63.6429040432,7.8563354001,Wrangler,18,24,kafka-gpfs-producer_linger_5s,1.0
PeakFinder,500,1.0,50.1560089588,9.9688952606,Wrangler,19,24,kafka-gpfs-producer_linger_5s,1.0
PeakFinder,500,1.0,45.1586170197,11.0720839786,Wrangler,20,24,kafka-gpfs-producer_linger_5s,1.0
PeakFinder,500,1.0,59.8787808418,8.35020341047,Wrangler,21,24,kafka-gpfs-producer_linger_5s,1.0
PeakFinder,500,1.0,49.1535201073,10.1722114491,Wrangler,22,24,kafka-gpfs-producer_linger_5s,1.0
PeakFinder,500,1.0,50.2120919228,9.95776078736,Wrangler,23,24,kafka-gpfs-producer_linger_5s,1.0
PeakFinder,500,1.0,49.0204820633,10.1998180955,Wrangler,24,24,kafka-gpfs-producer_linger_5s,1.0
PeakFinder,500,1.0,94.8377861977,5.27216018052,Wrangler,1,24,kafka-gpfs-producer_linger_5s,1.0
PeakFinder,500,1.0,58.5316967964,8.54238006698,Wrangler,2,24,kafka-gpfs-producer_linger_5s,1.0
PeakFinder,500,1.0,48.0519080162,10.4054140749,Wrangler,3,24,kafka-gpfs-producer_linger_5s,1.0
PeakFinder,500,1.0,44.1914300919,11.3144109381,Wrangler,4,24,kafka-gpfs-producer_linger_5s,1.0
PeakFinder,500,1.0,47.0091359615,10.6362303789,Wrangler,5,24,kafka-gpfs-producer_linger_5s,1.0
PeakFinder,500,1.0,49.4020030499,10.121047106,Wrangler,6,24,kafka-gpfs-producer_linger_5s,1.0
PeakFinder,500,1.0,38.4300310612,13.0106582325,Wrangler,7,24,kafka-gpfs-producer_linger_5s,1.0
PeakFinder,500,1.0,36.0444660187,13.8717549524,Wrangler,8,24,kafka-gpfs-producer_linger_5s,1.0
PeakFinder,500,1.0,35.2500638962,14.1843714517,Wrangler,9,24,kafka-gpfs-producer_linger_5s,1.0
PeakFinder,500,1.0,34.0917639732,14.6662988865,Wrangler,10,24,kafka-gpfs-producer_linger_5s,1.0
PeakFinder,500,1.0,30.5224869251,16.3813650318,Wrangler,11,24,kafka-gpfs-producer_linger_5s,1.0
PeakFinder,500,1.0,30.7013819218,16.2859118614,Wrangler,12,24,kafka-gpfs-producer_linger_5s,1.0
PeakFinder,500,1.0,38.2925348282,13.0573753407,Wrangler,13,24,kafka-gpfs-producer_linger_5s,1.0
PeakFinder,500,1.0,43.4512400627,11.5071514479,Wrangler,14,24,kafka-gpfs-producer_linger_5s,1.0
PeakFinder,500,1.0,29.0798830986,17.1940168502,Wrangler,15,24,kafka-gpfs-producer_linger_5s,1.0
PeakFinder,500,1.0,30.6461071968,16.3152858792,Wrangler,16,24,kafka-gpfs-producer_linger_5s,1.0
PeakFinder,500,1.0,29.1446368694,17.1558150558,Wrangler,17,24,kafka-gpfs-producer_linger_5s,1.0
PeakFinder,500,1.0,29.1622810364,17.1454352071,Wrangler,18,24,kafka-gpfs-producer_linger_5s,1.0
PeakFinder,500,1.0,33.7697899342,14.806132966,Wrangler,19,24,kafka-gpfs-producer_linger_5s,1.0
PeakFinder,500,1.0,30.1279859543,16.5958654109,Wrangler,20,24,kafka-gpfs-producer_linger_5s,1.0
PeakFinder,500,1.0,57.7937979698,8.65144734494,Wrangler,21,24,kafka-gpfs-producer_linger_5s,1.0
PeakFinder,500,1.0,59.3295190334,8.42750806253,Wrangler,22,24,kafka-gpfs-producer_linger_5s,1.0
PeakFinder,500,1.0,59.7184150219,8.37262676541,Wrangler,23,24,kafka-gpfs-producer_linger_5s,1.0
PeakFinder,500,1.0,34.4927060604,14.4958183079,Wrangler,24,24,kafka-gpfs-producer_linger_5s,1.0
PeakFinder,500,1.0,94.5055048466,5.29069709549,Wrangler,1,48,kafka-gpfs-producer_linger_5s,1.0
PeakFinder,500,1.0,56.6341547966,8.82859471984,Wrangler,2,48,kafka-gpfs-producer_linger_5s,1.0
PeakFinder,500,1.0,48.1632070541,10.3813684881,Wrangler,3,48,kafka-gpfs-producer_linger_5s,1.0
PeakFinder,500,1.0,42.2047088146,11.8470193029,Wrangler,4,48,kafka-gpfs-producer_linger_5s,1.0
PeakFinder,500,1.0,37.8797440529,13.1996668009,Wrangler,5,48,kafka-gpfs-producer_linger_5s,1.0
PeakFinder,500,1.0,36.0953741074,13.852190547,Wrangler,6,48,kafka-gpfs-producer_linger_5s,1.0
PeakFinder,500,1.0,34.2512440681,14.5980099002,Wrangler,7,48,kafka-gpfs-producer_linger_5s,1.0
PeakFinder,500,1.0,33.9978830814,14.7067980322,Wrangler,8,48,kafka-gpfs-producer_linger_5s,1.0
PeakFinder,500,1.0,33.0254819393,15.1398244822,Wrangler,9,48,kafka-gpfs-producer_linger_5s,1.0
PeakFinder,500,1.0,33.7939670086,14.7955402771,Wrangler,10,48,kafka-gpfs-producer_linger_5s,1.0
PeakFinder,500,1.0,31.9246370792,15.6618851691,Wrangler,11,48,kafka-gpfs-producer_linger_5s,1.0
PeakFinder,500,1.0,50.4765198231,9.90559574536,Wrangler,12,48,kafka-gpfs-producer_linger_5s,1.0
PeakFinder,500,1.0,46.914039135,10.657790487,Wrangler,13,48,kafka-gpfs-producer_linger_5s,1.0
PeakFinder,500,1.0,60.5388391018,8.25916068789,Wrangler,14,48,kafka-gpfs-producer_linger_5s,1.0
PeakFinder,500,1.0,33.9803330898,14.7143937253,Wrangler,15,48,kafka-gpfs-producer_linger_5s,1.0
PeakFinder,500,1.0,59.6314768791,8.38483341631,Wrangler,16,48,kafka-gpfs-producer_linger_5s,1.0
PeakFinder,500,1.0,48.3643779755,10.3381873381,Wrangler,17,48,kafka-gpfs-producer_linger_5s,1.0
PeakFinder,500,1.0,58.5905880928,8.5337938443,Wrangler,18,48,kafka-gpfs-producer_linger_5s,1.0
PeakFinder,500,1.0,43.246505022,11.5616279222,Wrangler,19,48,kafka-gpfs-producer_linger_5s,1.0
PeakFinder,500,2.0,89.7303090096,5.57225318311,Wrangler,1,24,kafka-gpfs-producer_linger_5s,1.0
PeakFinder,500,2.0,53.8159408569,9.29092740995,Wrangler,2,24,kafka-gpfs-producer_linger_5s,1.0
PeakFinder,500,2.0,46.7521660328,10.6946916566,Wrangler,3,24,kafka-gpfs-producer_linger_5s,1.0
PeakFinder,500,2.0,43.7916948795,11.4176900751,Wrangler,4,24,kafka-gpfs-producer_linger_5s,1.0
PeakFinder,500,2.0,40.7764189243,12.2619889924,Wrangler,5,24,kafka-gpfs-producer_linger_5s,1.0
PeakFinder,500,2.0,39.8487989902,12.5474296006,Wrangler,6,24,kafka-gpfs-producer_linger_5s,1.0
PeakFinder,500,2.0,41.2434051037,12.1231503253,Wrangler,7,24,kafka-gpfs-producer_linger_5s,1.0
PeakFinder,500,2.0,37.6357340813,13.285246381,Wrangler,8,24,kafka-gpfs-producer_linger_5s,1.0
PeakFinder,500,2.0,38.0935659409,13.1255761347,Wrangler,9,24,kafka-gpfs-producer_linger_5s,1.0
PeakFinder,500,2.0,54.3602039814,9.19790514714,Wrangler,10,24,kafka-gpfs-producer_linger_5s,1.0
PeakFinder,500,2.0,33.4271359444,14.9579072773,Wrangler,11,24,kafka-gpfs-producer_linger_5s,1.0
PeakFinder,500,2.0,34.0714271069,14.6750530417,Wrangler,12,24,kafka-gpfs-producer_linger_5s,1.0
PeakFinder,500,2.0,39.2389059067,12.7424551844,Wrangler,13,24,kafka-gpfs-producer_linger_5s,1.0
PeakFinder,500,2.0,37.0265469551,13.5038247181,Wrangler,14,24,kafka-gpfs-producer_linger_5s,1.0
PeakFinder,500,2.0,39.1967470646,12.7561605859,Wrangler,15,24,kafka-gpfs-producer_linger_5s,1.0
PeakFinder,500,2.0,48.3066248894,10.3505471795,Wrangler,16,24,kafka-gpfs-producer_linger_5s,1.0
PeakFinder,500,2.0,32.5877580643,15.343184978,Wrangler,17,24,kafka-gpfs-producer_linger_5s,1.0
PeakFinder,500,2.0,38.7496759892,12.9033336986,Wrangler,18,24,kafka-gpfs-producer_linger_5s,1.0
PeakFinder,500,2.0,52.7157440186,9.48483245962,Wrangler,19,24,kafka-gpfs-producer_linger_5s,1.0
PeakFinder,500,2.0,37.7576270103,13.2423576265,Wrangler,20,24,kafka-gpfs-producer_linger_5s,1.0
PeakFinder,500,2.0,29.4354469776,16.9863226599,Wrangler,21,24,kafka-gpfs-producer_linger_5s,1.0
PeakFinder,500,2.0,62.5415120125,7.99468998927,Wrangler,22,24,kafka-gpfs-producer_linger_5s,1.0
PeakFinder,500,2.0,70.3496031761,7.10736063071,Wrangler,23,24,kafka-gpfs-producer_linger_5s,1.0
PeakFinder,500,2.0,49.3123950958,10.1394385535,Wrangler,24,24,kafka-gpfs-producer_linger_5s,1.0
PeakFinder,500,2.0,90.0366020203,5.55329709008,Wrangler,1,24,kafka-gpfs-producer_linger_5s,1.0
PeakFinder,500,2.0,54.3799908161,9.19455837517,Wrangler,2,24,kafka-gpfs-producer_linger_5s,1.0
PeakFinder,500,2.0,46.5116839409,10.7499870492,Wrangler,3,24,kafka-gpfs-producer_linger_5s,1.0
PeakFinder,500,2.0,41.9952089787,11.9061200589,Wrangler,4,24,kafka-gpfs-producer_linger_5s,1.0
PeakFinder,500,2.0,38.1878550053,13.0931679701,Wrangler,5,24,kafka-gpfs-producer_linger_5s,1.0
PeakFinder,500,2.0,38.3946859837,13.0226354817,Wrangler,6,24,kafka-gpfs-producer_linger_5s,1.0
PeakFinder,500,2.0,38.1822450161,13.0950917053,Wrangler,7,24,kafka-gpfs-producer_linger_5s,1.0
PeakFinder,500,2.0,43.9504098892,11.3764581778,Wrangler,8,24,kafka-gpfs-producer_linger_5s,1.0
PeakFinder,500,2.0,41.5937769413,12.0210290281,Wrangler,9,24,kafka-gpfs-producer_linger_5s,1.0
PeakFinder,500,2.0,38.6889209747,12.9235964044,Wrangler,10,24,kafka-gpfs-producer_linger_5s,1.0
PeakFinder,500,2.0,34.3734970093,14.5460905495,Wrangler,11,24,kafka-gpfs-producer_linger_5s,1.0
PeakFinder,500,2.0,46.8090088367,10.6817044929,Wrangler,12,24,kafka-gpfs-producer_linger_5s,1.0
PeakFinder,500,2.0,29.7772829533,16.7913238016,Wrangler,13,24,kafka-gpfs-producer_linger_5s,1.0
PeakFinder,500,2.0,39.9490189552,12.5159519076,Wrangler,14,24,kafka-gpfs-producer_linger_5s,1.0
PeakFinder,500,2.0,30.0216450691,16.6546502981,Wrangler,15,24,kafka-gpfs-producer_linger_5s,1.0
PeakFinder,500,2.0,47.4537169933,10.536582415,Wrangler,16,24,kafka-gpfs-producer_linger_5s,1.0
PeakFinder,500,2.0,57.1698310375,8.74587157118,Wrangler,17,24,kafka-gpfs-producer_linger_5s,1.0
PeakFinder,500,2.0,28.1267910004,17.7766457607,Wrangler,18,24,kafka-gpfs-producer_linger_5s,1.0
PeakFinder,500,2.0,47.5114440918,10.5237803135,Wrangler,19,24,kafka-gpfs-producer_linger_5s,1.0
PeakFinder,500,2.0,33.4298119545,14.9567099175,Wrangler,20,24,kafka-gpfs-producer_linger_5s,1.0
PeakFinder,500,2.0,31.1419160366,16.0555310538,Wrangler,21,24,kafka-gpfs-producer_linger_5s,1.0
PeakFinder,500,2.0,71.4570219517,6.99721295883,Wrangler,22,24,kafka-gpfs-producer_linger_5s,1.0
PeakFinder,500,2.0,66.6933510303,7.4969992102,Wrangler,23,24,kafka-gpfs-producer_linger_5s,1.0
PeakFinder,500,2.0,90.7913360596,5.50713340832,Wrangler,1,48,kafka-gpfs-producer_linger_5s,1.0
PeakFinder,500,2.0,54.459594965,9.18111859483,Wrangler,2,48,kafka-gpfs-producer_linger_5s,1.0
PeakFinder,500,2.0,47.2865290642,10.5738359295,Wrangler,3,48,kafka-gpfs-producer_linger_5s,1.0
PeakFinder,500,2.0,43.8030729294,11.4147242776,Wrangler,4,48,kafka-gpfs-producer_linger_5s,1.0
PeakFinder,500,2.0,39.7904160023,12.5658399744,Wrangler,5,48,kafka-gpfs-producer_linger_5s,1.0
PeakFinder,500,2.0,38.8845980167,12.8585616286,Wrangler,6,48,kafka-gpfs-producer_linger_5s,1.0
PeakFinder,500,2.0,52.960242033,9.44104446669,Wrangler,7,48,kafka-gpfs-producer_linger_5s,1.0
PeakFinder,500,2.0,37.5750849247,13.3066898186,Wrangler,8,48,kafka-gpfs-producer_linger_5s,1.0
PeakFinder,500,2.0,35.7857289314,13.97205017,Wrangler,9,48,kafka-gpfs-producer_linger_5s,1.0
PeakFinder,500,2.0,34.6865320206,14.4148166702,Wrangler,10,48,kafka-gpfs-producer_linger_5s,1.0
PeakFinder,500,2.0,48.4535310268,10.3191653818,Wrangler,11,48,kafka-gpfs-producer_linger_5s,1.0
PeakFinder,500,2.0,56.2786071301,8.88437055389,Wrangler,12,48,kafka-gpfs-producer_linger_5s,1.0
PeakFinder,500,2.0,35.1386740208,14.2293360217,Wrangler,13,48,kafka-gpfs-producer_linger_5s,1.0
PeakFinder,500,2.0,38.5363068581,12.9747773143,Wrangler,14,48,kafka-gpfs-producer_linger_5s,1.0
PeakFinder,500,2.0,53.2652509212,9.38698290822,Wrangler,15,48,kafka-gpfs-producer_linger_5s,1.0
PeakFinder,500,2.0,28.77389884,17.37685959,Wrangler,16,48,kafka-gpfs-producer_linger_5s,1.0
PeakFinder,500,2.0,43.3556540012,11.5325212252,Wrangler,17,48,kafka-gpfs-producer_linger_5s,1.0
PeakFinder,500,2.0,53.2185850143,9.3952140942,Wrangler,18,48,kafka-gpfs-producer_linger_5s,1.0
PeakFinder,500,2.0,27.5663669109,18.1380448724,Wrangler,19,48,kafka-gpfs-producer_linger_5s,1.0
PeakFinder,500,2.0,52.7721140385,9.47470096869,Wrangler,20,48,kafka-gpfs-producer_linger_5s,1.0
PeakFinder,500,2.0,62.1857569218,8.04042637334,Wrangler,21,48,kafka-gpfs-producer_linger_5s,1.0
PeakFinder,500,2.0,42.5510268211,11.7505977494,Wrangler,22,48,kafka-gpfs-producer_linger_5s,1.0
PeakFinder,500,2.0,57.5777959824,8.68390308224,Wrangler,23,48,kafka-gpfs-producer_linger_5s,1.0
PeakFinder,500,2.0,80.8671209812,6.18298257602,Wrangler,24,48,kafka-gpfs-producer_linger_5s,1.0
PeakFinder,500,2.0,93.8318040371,5.32868364976,Wrangler,1,48,kafka-gpfs-producer_linger_5s,1.0
PeakFinder,500,2.0,56.576720953,8.83755706548,Wrangler,2,48,kafka-gpfs-producer_linger_5s,1.0
PeakFinder,500,2.0,43.7527871132,11.4278434127,Wrangler,3,48,kafka-gpfs-producer_linger_5s,1.0
PeakFinder,500,2.0,40.8068561554,12.252842956,Wrangler,4,48,kafka-gpfs-producer_linger_5s,1.0
PeakFinder,500,2.0,36.3434782028,13.7576265323,Wrangler,5,48,kafka-gpfs-producer_linger_5s,1.0
PeakFinder,500,2.0,35.3393120766,14.1485493242,Wrangler,6,48,kafka-gpfs-producer_linger_5s,1.0
PeakFinder,500,2.0,33.0393571854,15.1334663442,Wrangler,7,48,kafka-gpfs-producer_linger_5s,1.0
PeakFinder,500,2.0,36.6091330051,13.6577940791,Wrangler,8,48,kafka-gpfs-producer_linger_5s,1.0
PeakFinder,500,2.0,36.0991139412,13.8507554732,Wrangler,9,48,kafka-gpfs-producer_linger_5s,1.0
PeakFinder,500,2.0,45.35293293,11.024645325,Wrangler,10,48,kafka-gpfs-producer_linger_5s,1.0
PeakFinder,500,2.0,34.8516349792,14.3465292316,Wrangler,11,48,kafka-gpfs-producer_linger_5s,1.0
PeakFinder,500,2.0,53.4203569889,9.35972779261,Wrangler,12,48,kafka-gpfs-producer_linger_5s,1.0
PeakFinder,500,2.0,38.4958090782,12.9884268437,Wrangler,13,48,kafka-gpfs-producer_linger_5s,1.0
PeakFinder,500,2.0,48.222661972,10.368569041,Wrangler,14,48,kafka-gpfs-producer_linger_5s,1.0
PeakFinder,500,2.0,68.9945108891,7.24695332364,Wrangler,15,48,kafka-gpfs-producer_linger_5s,1.0
PeakFinder,500,2.0,38.8337049484,12.8754132696,Wrangler,16,48,kafka-gpfs-producer_linger_5s,1.0
PeakFinder,500,2.0,43.0127458572,11.6244613087,Wrangler,17,48,kafka-gpfs-producer_linger_5s,1.0
PeakFinder,500,2.0,58.7226908207,8.51459619803,Wrangler,18,48,kafka-gpfs-producer_linger_5s,1.0
PeakFinder,500,2.0,73.0617420673,6.84352693834,Wrangler,19,48,kafka-gpfs-producer_linger_5s,1.0
PeakFinder,500,2.0,74.2622640133,6.73289464903,Wrangler,20,48,kafka-gpfs-producer_linger_5s,1.0
PeakFinder,500,2.0,73.553910017,6.79773515622,Wrangler,21,48,kafka-gpfs-producer_linger_5s,1.0
PeakFinder,500,2.0,44.7141618729,11.1821395964,Wrangler,22,48,kafka-gpfs-producer_linger_5s,1.0
PeakFinder,500,2.0,39.8057360649,12.5610037504,Wrangler,23,48,kafka-gpfs-producer_linger_5s,1.0
PeakFinder,500,2.0,30.6786379814,16.2979855984,Wrangler,24,48,kafka-gpfs-producer_linger_5s,1.0
PeakFinder,500,2.0,99.1909701824,5.04078142477,Wrangler,1,48,kafka-gpfs-producer_linger_5s,2.0
PeakFinder,500,2.0,52.9009151459,9.45163233228,Wrangler,2,48,kafka-gpfs-producer_linger_5s,2.0
PeakFinder,500,2.0,41.4217190742,12.0709620744,Wrangler,3,48,kafka-gpfs-producer_linger_5s,2.0
PeakFinder,500,2.0,35.8180539608,13.9594406929,Wrangler,4,48,kafka-gpfs-producer_linger_5s,2.0
PeakFinder,500,2.0,32.7721221447,15.2568697807,Wrangler,5,48,kafka-gpfs-producer_linger_5s,2.0
PeakFinder,500,2.0,31.6344771385,15.8055401962,Wrangler,6,48,kafka-gpfs-producer_linger_5s,2.0
PeakFinder,500,2.0,29.9535911083,16.692489331,Wrangler,7,48,kafka-gpfs-producer_linger_5s,2.0
PeakFinder,500,2.0,29.3904190063,17.012346775,Wrangler,8,48,kafka-gpfs-producer_linger_5s,2.0
PeakFinder,500,2.0,28.2232201099,17.71590903,Wrangler,9,48,kafka-gpfs-producer_linger_5s,2.0
PeakFinder,500,2.0,28.5214641094,17.5306568443,Wrangler,10,48,kafka-gpfs-producer_linger_5s,2.0
PeakFinder,500,2.0,28.077696085,17.8077288994,Wrangler,11,48,kafka-gpfs-producer_linger_5s,2.0
PeakFinder,500,2.0,27.7740299702,18.002428907,Wrangler,12,48,kafka-gpfs-producer_linger_5s,2.0
PeakFinder,500,2.0,32.3444669247,15.4585945462,Wrangler,13,48,kafka-gpfs-producer_linger_5s,2.0
PeakFinder,500,2.0,27.744063139,18.0218736346,Wrangler,14,48,kafka-gpfs-producer_linger_5s,2.0
PeakFinder,500,2.0,32.4277238846,15.4189051868,Wrangler,15,48,kafka-gpfs-producer_linger_5s,2.0
PeakFinder,500,2.0,28.7031309605,17.4197024251,Wrangler,16,48,kafka-gpfs-producer_linger_5s,2.0
PeakFinder,500,2.0,28.5540380478,17.510658183,Wrangler,17,48,kafka-gpfs-producer_linger_5s,2.0
PeakFinder,500,2.0,28.5824689865,17.4932403578,Wrangler,18,48,kafka-gpfs-producer_linger_5s,2.0
PeakFinder,500,2.0,31.6740040779,15.7858159887,Wrangler,19,48,kafka-gpfs-producer_linger_5s,2.0
PeakFinder,500,2.0,33.2566030025,15.0346083141,Wrangler,20,48,kafka-gpfs-producer_linger_5s,2.0
PeakFinder,500,2.0,33.276031971,15.0258300159,Wrangler,21,48,kafka-gpfs-producer_linger_5s,2.0
PeakFinder,500,2.0,28.3696599007,17.6244622512,Wrangler,22,48,kafka-gpfs-producer_linger_5s,2.0
PeakFinder,500,2.0,29.0283601284,17.2245348269,Wrangler,23,48,kafka-gpfs-producer_linger_5s,2.0
PeakFinder,500,2.0,33.4198899269,14.9611504135,Wrangler,24,48,kafka-gpfs-producer_linger_5s,2.0
PeakFinder,500,2.0,99.3528399467,5.03256877476,Wrangler,1,48,kafka-gpfs-producer_linger_5s,4.0
PeakFinder,500,2.0,51.9803960323,9.61901097654,Wrangler,2,48,kafka-gpfs-producer_linger_5s,4.0
PeakFinder,500,2.0,39.0504128933,12.8039619291,Wrangler,3,48,kafka-gpfs-producer_linger_5s,4.0
PeakFinder,500,2.0,34.0528960228,14.6830389893,Wrangler,4,48,kafka-gpfs-producer_linger_5s,4.0
PeakFinder,500,2.0,31.0321779251,16.1123077216,Wrangler,5,48,kafka-gpfs-producer_linger_5s,4.0
PeakFinder,500,2.0,29.4213428497,16.9944656352,Wrangler,6,48,kafka-gpfs-producer_linger_5s,4.0
PeakFinder,500,2.0,28.9420208931,17.2759187013,Wrangler,7,48,kafka-gpfs-producer_linger_5s,4.0
PeakFinder,500,2.0,28.6482169628,17.4530931768,Wrangler,8,48,kafka-gpfs-producer_linger_5s,4.0
PeakFinder,500,2.0,28.1544151306,17.7592039359,Wrangler,9,48,kafka-gpfs-producer_linger_5s,4.0
PeakFinder,500,2.0,27.8836050034,17.9316842259,Wrangler,10,48,kafka-gpfs-producer_linger_5s,4.0
PeakFinder,500,2.0,28.1258950233,17.7772120526,Wrangler,11,48,kafka-gpfs-producer_linger_5s,4.0
PeakFinder,500,2.0,27.5677258968,18.1371507346,Wrangler,12,48,kafka-gpfs-producer_linger_5s,4.0
PeakFinder,500,2.0,27.719176054,18.0380541985,Wrangler,13,48,kafka-gpfs-producer_linger_5s,4.0
PeakFinder,500,2.0,28.0056538582,17.8535378082,Wrangler,14,48,kafka-gpfs-producer_linger_5s,4.0
PeakFinder,500,2.0,27.727050066,18.032931697,Wrangler,15,48,kafka-gpfs-producer_linger_5s,4.0
PeakFinder,500,2.0,27.8549859524,17.950107778,Wrangler,16,48,kafka-gpfs-producer_linger_5s,4.0
PeakFinder,500,2.0,37.4847528934,13.3387567319,Wrangler,17,48,kafka-gpfs-producer_linger_5s,4.0
PeakFinder,500,2.0,27.8698191643,17.9405541548,Wrangler,18,48,kafka-gpfs-producer_linger_5s,4.0
PeakFinder,500,2.0,28.3894388676,17.6121832606,Wrangler,19,48,kafka-gpfs-producer_linger_5s,4.0
PeakFinder,500,2.0,28.1288859844,17.7753217912,Wrangler,20,48,kafka-gpfs-producer_linger_5s,4.0
PeakFinder,500,2.0,27.3872790337,18.2566511768,Wrangler,21,48,kafka-gpfs-producer_linger_5s,4.0
PeakFinder,500,2.0,28.0782630444,17.8073693237,Wrangler,22,48,kafka-gpfs-producer_linger_5s,4.0
PeakFinder,500,2.0,36.8792719841,13.5577513628,Wrangler,23,48,kafka-gpfs-producer_linger_5s,4.0
PeakFinder,500,2.0,28.0139849186,17.8482283564,Wrangler,24,48,kafka-gpfs-producer_linger_5s,4.0
PeakFinder,500,4.0,92.3617751598,5.41349491318,Wrangler,1,48,kafka-gpfs-producer_linger_5s,4.0
PeakFinder,500,4.0,53.4135651588,9.36091793373,Wrangler,2,48,kafka-gpfs-producer_linger_5s,4.0
PeakFinder,500,4.0,42.280012846,11.8259188289,Wrangler,3,48,kafka-gpfs-producer_linger_5s,4.0
PeakFinder,500,4.0,36.8578109741,13.5656455656,Wrangler,4,48,kafka-gpfs-producer_linger_5s,4.0
PeakFinder,500,4.0,32.4806351662,15.3937876351,Wrangler,5,48,kafka-gpfs-producer_linger_5s,4.0
PeakFinder,500,4.0,31.1705729961,16.0407702503,Wrangler,6,48,kafka-gpfs-producer_linger_5s,4.0
PeakFinder,500,4.0,28.6631131172,17.4440228441,Wrangler,7,48,kafka-gpfs-producer_linger_5s,4.0
PeakFinder,500,4.0,27.0161099434,18.5074757635,Wrangler,8,48,kafka-gpfs-producer_linger_5s,4.0
PeakFinder,500,4.0,25.9745690823,19.2495974973,Wrangler,9,48,kafka-gpfs-producer_linger_5s,4.0
PeakFinder,500,4.0,26.3104879856,19.0038284457,Wrangler,10,48,kafka-gpfs-producer_linger_5s,4.0
PeakFinder,500,4.0,25.4349458218,19.6579935143,Wrangler,11,48,kafka-gpfs-producer_linger_5s,4.0
PeakFinder,500,4.0,25.0551800728,19.9559531621,Wrangler,12,48,kafka-gpfs-producer_linger_5s,4.0
PeakFinder,500,4.0,25.2986660004,19.7638879454,Wrangler,13,48,kafka-gpfs-producer_linger_5s,4.0
PeakFinder,500,4.0,25.5271599293,19.5869811364,Wrangler,14,48,kafka-gpfs-producer_linger_5s,4.0
PeakFinder,500,4.0,25.5326061249,19.5828031637,Wrangler,15,48,kafka-gpfs-producer_linger_5s,4.0
PeakFinder,500,4.0,25.6471350193,19.4953549246,Wrangler,16,48,kafka-gpfs-producer_linger_5s,4.0
PeakFinder,500,4.0,25.9959969521,19.233730521,Wrangler,17,48,kafka-gpfs-producer_linger_5s,4.0
PeakFinder,500,4.0,25.9670240879,19.2551906721,Wrangler,18,48,kafka-gpfs-producer_linger_5s,4.0
PeakFinder,500,4.0,26.7012898922,18.7256871117,Wrangler,19,48,kafka-gpfs-producer_linger_5s,4.0
PeakFinder,500,4.0,26.5888791084,18.804854389,Wrangler,20,48,kafka-gpfs-producer_linger_5s,4.0
PeakFinder,500,4.0,26.4868750572,18.8772740808,Wrangler,21,48,kafka-gpfs-producer_linger_5s,4.0
PeakFinder,500,4.0,26.2335629463,19.0595536345,Wrangler,22,48,kafka-gpfs-producer_linger_5s,4.0
PeakFinder,500,4.0,26.6078910828,18.7914178709,Wrangler,23,48,kafka-gpfs-producer_linger_5s,4.0
PeakFinder,500,4.0,26.3860309124,18.9494206863,Wrangler,24,48,kafka-gpfs-producer_linger_5s,4.0
PeakFinder,500,4.0,97.8628489971,5.10919112946,Wrangler,1,48,kafka-gpfs-producer_linger_5s,4.0
PeakFinder,500,4.0,54.2457361221,9.21731431341,Wrangler,2,48,kafka-gpfs-producer_linger_5s,4.0
PeakFinder,500,4.0,41.7974610329,11.9624490973,Wrangler,3,48,kafka-gpfs-producer_linger_5s,4.0
PeakFinder,500,4.0,34.3269340992,14.5658216535,Wrangler,4,48,kafka-gpfs-producer_linger_5s,4.0
PeakFinder,500,4.0,31.3894340992,15.9289268618,Wrangler,5,48,kafka-gpfs-producer_linger_5s,4.0
PeakFinder,500,4.0,29.3276700974,17.0487460593,Wrangler,6,48,kafka-gpfs-producer_linger_5s,4.0
PeakFinder,500,4.0,26.9907159805,18.524888349,Wrangler,7,48,kafka-gpfs-producer_linger_5s,4.0
PeakFinder,500,4.0,26.4074280262,18.9340665628,Wrangler,8,48,kafka-gpfs-producer_linger_5s,4.0
PeakFinder,500,4.0,25.2599439621,19.7941848466,Wrangler,9,48,kafka-gpfs-producer_linger_5s,4.0
PeakFinder,500,4.0,25.3152430058,19.7509460955,Wrangler,10,48,kafka-gpfs-producer_linger_5s,4.0
PeakFinder,500,4.0,25.4393069744,19.6546234732,Wrangler,11,48,kafka-gpfs-producer_linger_5s,4.0
PeakFinder,500,4.0,25.1687290668,19.865921663,Wrangler,12,48,kafka-gpfs-producer_linger_5s,4.0
PeakFinder,500,4.0,25.4007189274,19.684482216,Wrangler,13,48,kafka-gpfs-producer_linger_5s,4.0
PeakFinder,500,4.0,29.5102279186,16.9432781536,Wrangler,14,48,kafka-gpfs-producer_linger_5s,4.0
PeakFinder,500,4.0,25.4388639927,19.6549657305,Wrangler,15,48,kafka-gpfs-producer_linger_5s,4.0
PeakFinder,500,4.0,25.3492541313,19.7244462267,Wrangler,16,48,kafka-gpfs-producer_linger_5s,4.0
PeakFinder,500,4.0,25.6131119728,19.5212514797,Wrangler,17,48,kafka-gpfs-producer_linger_5s,4.0
PeakFinder,500,4.0,25.635007143,19.5045781423,Wrangler,18,48,kafka-gpfs-producer_linger_5s,4.0
PeakFinder,500,4.0,26.4282870293,18.9191225086,Wrangler,19,48,kafka-gpfs-producer_linger_5s,4.0
PeakFinder,500,4.0,26.5920350552,18.802622626,Wrangler,20,48,kafka-gpfs-producer_linger_5s,4.0
PeakFinder,500,4.0,31.0510091782,16.1025362213,Wrangler,21,48,kafka-gpfs-producer_linger_5s,4.0
PeakFinder,500,4.0,27.4993450642,18.1822512076,Wrangler,22,48,kafka-gpfs-producer_linger_5s,4.0
PeakFinder,500,4.0,27.6621239185,18.0752570364,Wrangler,23,48,kafka-gpfs-producer_linger_5s,4.0
PeakFinder,500,4.0,32.2735040188,15.492584868,Wrangler,24,48,kafka-gpfs-producer_linger_5s,4.0
PeakFinder,500,4,90.1293289661,5.54758374145,Wrangler,1,48,kafka-gpfs-producer_linger_5s,1
PeakFinder,500,4,55.7608060837,8.96687180687,Wrangler,2,48,kafka-gpfs-producer_linger_5s,1 
PeakFinder,500,4,47.5521659851,10.5147681424,Wrangler,3,48,kafka-gpfs-producer_linger_5s,1
PeakFinder,500,4,43.698912859,11.4419322424,Wrangler,4,48,kafka-gpfs-producer_linger_5s,1
PeakFinder,500,4,41.3407480717,12.0946045566,Wrangler,5,48,kafka-gpfs-producer_linger_5s,1
PeakFinder,500,4,38.7410569191,12.9062044188,Wrangler,6,48,kafka-gpfs-producer_linger_5s,1
PeakFinder,500,4,38.0892970562,13.1270471929,Wrangler,7,48,kafka-gpfs-producer_linger_5s,1
PeakFinder,500,4,41.8477349281,11.948077975,Wrangler,8,48,kafka-gpfs-producer_linger_5s,1
PeakFinder,500,4,47.8110098839,10.4578422672,Wrangler,9,48,kafka-gpfs-producer_linger_5s,1
PeakFinder,500,4,50.3076560497,9.93884508365,Wrangler,10,48,kafka-gpfs-producer_linger_5s,1
PeakFinder,500,4,51.8159730434,9.64953412302,Wrangler,11,48,kafka-gpfs-producer_linger_5s,1
PeakFinder,500,4,32.589525938,15.3423526611,Wrangler,12,48,kafka-gpfs-producer_linger_5s,1
PeakFinder,500,4,42.5449779034,11.7522684143,Wrangler,13,48,kafka-gpfs-producer_linger_5s,1
PeakFinder,500,4,46.0547959805,10.8566326124,Wrangler,14,48,kafka-gpfs-producer_linger_5s,1
PeakFinder,500,4,44.3485591412,11.2743234433,Wrangler,15,48,kafka-gpfs-producer_linger_5s,1
PeakFinder,500,4,43.9584798813,11.3743696632,Wrangler,16,48,kafka-gpfs-producer_linger_5s,1
PeakFinder,500,4,29.1723899841,17.1394938938,Wrangler,17,48,kafka-gpfs-producer_linger_5s,1
PeakFinder,500,4,47.9346990585,10.4308571832,Wrangler,18,48,kafka-gpfs-producer_linger_5s,1
PeakFinder,500,4,47.8082778454,10.4584398881,Wrangler,19,48,kafka-gpfs-producer_linger_5s,1
PeakFinder,500,4,58.1756150723,8.59466632848,Wrangler,20,48,kafka-gpfs-producer_linger_5s,1
PeakFinder,500,4,62.2847800255,8.02764334715,Wrangler,21,48,kafka-gpfs-producer_linger_5s,1
PeakFinder,500,4,72.2506170273,6.9203561239,Wrangler,22,48,kafka-gpfs-producer_linger_5s,1
PeakFinder,500,4,27.8786370754,17.934879623,Wrangler,23,48,kafka-gpfs-producer_linger_5s,1
PeakFinder,500,4,82.9757428169,6.02585747383,Wrangler,24,48,kafka-gpfs-producer_linger_5s,1
PeakFinder,500,4,92.4664108753,5.40736895989,Wrangler,1,96,kafka-gpfs-producer_linger_5s,1
PeakFinder,500,4,56.0909240246,8.91409811293,Wrangler,2,96,kafka-gpfs-producer_linger_5s,1
PeakFinder,500,4,44.8572099209,11.1464801507,Wrangler,3,96,kafka-gpfs-producer_linger_5s,1
PeakFinder,500,4,41.8466711044,11.9483817184,Wrangler,4,96,kafka-gpfs-producer_linger_5s,1
PeakFinder,500,4,39.4914739132,12.6609607203,Wrangler,5,96,kafka-gpfs-producer_linger_5s,1
PeakFinder,500,4,34.7956459522,14.3696139651,Wrangler,6,96,kafka-gpfs-producer_linger_5s,1
PeakFinder,500,4,34.6853599548,14.4153037665,Wrangler,7,96,kafka-gpfs-producer_linger_5s,1
PeakFinder,500,4,41.8173930645,11.9567472613,Wrangler,8,96,kafka-gpfs-producer_linger_5s,1
PeakFinder,500,4,32.0188310146,15.6158105763,Wrangler,9,96,kafka-gpfs-producer_linger_5s,1
PeakFinder,500,4,36.1363120079,13.8364977558,Wrangler,10,96,kafka-gpfs-producer_linger_5s,1
PeakFinder,500,4,34.431677103,14.5215116447,Wrangler,11,96,kafka-gpfs-producer_linger_5s,1
PeakFinder,500,4,35.1969571114,14.2057734826,Wrangler,12,96,kafka-gpfs-producer_linger_5s,1
PeakFinder,500,4,59.7337841988,8.37047253421,Wrangler,13,96,kafka-gpfs-producer_linger_5s,1
PeakFinder,500,4,42.6067280769,11.7352357848,Wrangler,14,96,kafka-gpfs-producer_linger_5s,1
PeakFinder,500,4,49.062322855,10.1911195986,Wrangler,15,96,kafka-gpfs-producer_linger_5s,1
PeakFinder,500,4,48.6568031311,10.2760553062,Wrangler,16,96,kafka-gpfs-producer_linger_5s,1
PeakFinder,500,4,52.626292944,9.50095421945,Wrangler,17,96,kafka-gpfs-producer_linger_5s,1
PeakFinder,500,4,48.3564531803,10.3398815901,Wrangler,18,96,kafka-gpfs-producer_linger_5s,1
PeakFinder,500,4,54.4241168499,9.18710360297,Wrangler,19,96,kafka-gpfs-producer_linger_5s,1
PeakFinder,500,4,57.3716437817,8.71510675035,Wrangler,20,96,kafka-gpfs-producer_linger_5s,1
PeakFinder,500,4,64.0834100246,7.80233136482,Wrangler,21,96,kafka-gpfs-producer_linger_5s,1
PeakFinder,500,4,57.5714349747,8.68486255762,Wrangler,22,96,kafka-gpfs-producer_linger_5s,1
PeakFinder,500,4,66.9969940186,7.46302139856,Wrangler,23,96,kafka-gpfs-producer_linger_5s,1
PeakFinder,500,4,40.2217340469,12.4310901021,Wrangler,24,96,kafka-gpfs-producer_linger_5s,1
PeakFinder,500,4,90.6487929821,5.51579324502,Wrangler,1,48,kafka-gpfs-producer_linger_5s,2
PeakFinder,500,4,53.0763409138,9.42039318069,Wrangler,2,48,kafka-gpfs-producer_linger_5s,2
PeakFinder,500,4,42.7662451267,11.6914636419,Wrangler,3,48,kafka-gpfs-producer_linger_5s,2
PeakFinder,500,4,35.8250799179,13.9567029898,Wrangler,4,48,kafka-gpfs-producer_linger_5s,2
PeakFinder,500,4,33.4844138622,14.9323205136,Wrangler,5,48,kafka-gpfs-producer_linger_5s,2
PeakFinder,500,4,31.927284956,15.6605862568,Wrangler,6,48,kafka-gpfs-producer_linger_5s,2
PeakFinder,500,4,30.0473749638,16.6403887396,Wrangler,7,48,kafka-gpfs-producer_linger_5s,2
PeakFinder,500,4,29.1457459927,17.1551622019,Wrangler,8,48,kafka-gpfs-producer_linger_5s,2
PeakFinder,500,4,28.1808290482,17.7425582173,Wrangler,9,48,kafka-gpfs-producer_linger_5s,2
PeakFinder,500,4,26.7787320614,18.6715337699,Wrangler,10,48,kafka-gpfs-producer_linger_5s,2
PeakFinder,500,4,27.9285690784,17.9028148057,Wrangler,11,48,kafka-gpfs-producer_linger_5s,2
PeakFinder,500,4,27.7391140461,18.0250890194,Wrangler,12,48,kafka-gpfs-producer_linger_5s,2
PeakFinder,500,4,31.7555818558,15.7452633767,Wrangler,13,48,kafka-gpfs-producer_linger_5s,2
PeakFinder,500,4,27.7727789879,18.0032397989,Wrangler,14,48,kafka-gpfs-producer_linger_5s,2
PeakFinder,500,4,28.6719539165,17.4386440999,Wrangler,15,48,kafka-gpfs-producer_linger_5s,2
PeakFinder,500,4,25.4290201664,19.662574363,Wrangler,16,48,kafka-gpfs-producer_linger_5s,2
PeakFinder,500,4,37.6145689487,13.2927217824,Wrangler,17,48,kafka-gpfs-producer_linger_5s,2
PeakFinder,500,4,38.1288330555,13.1134356845,Wrangler,18,48,kafka-gpfs-producer_linger_5s,2
PeakFinder,500,4,33.9904010296,14.7100353292,Wrangler,19,48,kafka-gpfs-producer_linger_5s,2
PeakFinder,500,4,33.4677731991,14.9397450803,Wrangler,20,48,kafka-gpfs-producer_linger_5s,2
PeakFinder,500,4,28.8485908508,17.331869088,Wrangler,21,48,kafka-gpfs-producer_linger_5s,2
PeakFinder,500,4,36.6653530598,13.6368521854,Wrangler,22,48,kafka-gpfs-producer_linger_5s,2
PeakFinder,500,4,43.1555819511,11.5859867344,Wrangler,23,48,kafka-gpfs-producer_linger_5s,2
PeakFinder,500,4,43.8387920856,11.4054237403,Wrangler,24,48,kafka-gpfs-producer_linger_5s,2
PeakFinder,500,4,99.5834369659,5.02091527702,Wrangler,1,96,kafka-gpfs-producer_linger_5s,2
PeakFinder,500,4,54.026157856,9.25477620179,Wrangler,2,96,kafka-gpfs-producer_linger_5s,2
PeakFinder,500,4,43.0980160236,11.601462112,Wrangler,3,96,kafka-gpfs-producer_linger_5s,2
PeakFinder,500,4,33.4448940754,14.9499651239,Wrangler,4,96,kafka-gpfs-producer_linger_5s,2
PeakFinder,500,4,33.3552660942,14.9901367475,Wrangler,5,96,kafka-gpfs-producer_linger_5s,2
PeakFinder,500,4,31.4565172195,15.8949573632,Wrangler,6,96,kafka-gpfs-producer_linger_5s,2
PeakFinder,500,4,29.567538023,16.9104373726,Wrangler,7,96,kafka-gpfs-producer_linger_5s,2
PeakFinder,500,4,28.1845021248,17.7402459616,Wrangler,8,96,kafka-gpfs-producer_linger_5s,2
PeakFinder,500,4,28.4092848301,17.5998798629,Wrangler,9,96,kafka-gpfs-producer_linger_5s,2
PeakFinder,500,4,28.2317149639,17.7105783563,Wrangler,10,96,kafka-gpfs-producer_linger_5s,2
PeakFinder,500,4,27.6238698959,18.1002879714,Wrangler,11,96,kafka-gpfs-producer_linger_5s,2
PeakFinder,500,4,36.9309589863,13.5387765096,Wrangler,12,96,kafka-gpfs-producer_linger_5s,2
PeakFinder,500,4,36.8430159092,13.5710931275,Wrangler,13,96,kafka-gpfs-producer_linger_5s,2
PeakFinder,500,4,27.7723469734,18.0035198494,Wrangler,14,96,kafka-gpfs-producer_linger_5s,2
PeakFinder,500,4,32.8953671455,15.199708755,Wrangler,15,96,kafka-gpfs-producer_linger_5s,2
PeakFinder,500,4,32.8306469917,15.2296724498,Wrangler,16,96,kafka-gpfs-producer_linger_5s,2
PeakFinder,500,4,27.9321429729,17.9005241554,Wrangler,17,96,kafka-gpfs-producer_linger_5s,2
PeakFinder,500,4,28.3821721077,17.6166925527,Wrangler,18,96,kafka-gpfs-producer_linger_5s,2
PeakFinder,500,4,28.9021790028,17.2997336966,Wrangler,19,96,kafka-gpfs-producer_linger_5s,2
PeakFinder,500,4,28.9701449871,17.2591473126,Wrangler,20,96,kafka-gpfs-producer_linger_5s,2
PeakFinder,500,4,28.9245250225,17.2863685613,Wrangler,21,96,kafka-gpfs-producer_linger_5s,2
PeakFinder,500,4,46.6334080696,10.7219270625,Wrangler,22,96,kafka-gpfs-producer_linger_5s,2
PeakFinder,500,4,28.2327148914,17.7099510948,Wrangler,23,96,kafka-gpfs-producer_linger_5s,2
PeakFinder,500,4,29.1825611591,17.133520162,Wrangler,24,96,kafka-gpfs-producer_linger_5s,2
PeakFinder,500,4,89.9999740124,5.55555715973,Wrangler,1,48,kafka-gpfs-producer_linger_5s,3
PeakFinder,500,4,52.4210982323,9.53814431328,Wrangler,2,48,kafka-gpfs-producer_linger_5s,3
PeakFinder,500,4,39.1232569218,12.7801220895,Wrangler,3,48,kafka-gpfs-producer_linger_5s,3
PeakFinder,500,4,35.4792068005,14.0927615099,Wrangler,4,48,kafka-gpfs-producer_linger_5s,3
PeakFinder,500,4,30.9921989441,16.1330921017,Wrangler,5,48,kafka-gpfs-producer_linger_5s,3
PeakFinder,500,4,29.7029762268,16.8333299728,Wrangler,6,48,kafka-gpfs-producer_linger_5s,3
PeakFinder,500,4,29.0798811913,17.194017978,Wrangler,7,48,kafka-gpfs-producer_linger_5s,3
PeakFinder,500,4,28.053948164,17.822803303,Wrangler,8,48,kafka-gpfs-producer_linger_5s,3
PeakFinder,500,4,25.3153190613,19.7508867571,Wrangler,9,48,kafka-gpfs-producer_linger_5s,3
PeakFinder,500,4,25.1842870712,19.8536491657,Wrangler,10,48,kafka-gpfs-producer_linger_5s,3
PeakFinder,500,4,26.6112599373,18.7890389699,Wrangler,11,48,kafka-gpfs-producer_linger_5s,3
PeakFinder,500,4,26.5087840557,18.8616723781,Wrangler,12,48,kafka-gpfs-producer_linger_5s,3
PeakFinder,500,4,26.813158989,18.6475603343,Wrangler,13,48,kafka-gpfs-producer_linger_5s,3
PeakFinder,500,4,27.0621259212,18.476005967,Wrangler,14,48,kafka-gpfs-producer_linger_5s,3
PeakFinder,500,4,37.17238307,13.4508459966,Wrangler,15,48,kafka-gpfs-producer_linger_5s,3
PeakFinder,500,4,37.2868719101,13.4095453543,Wrangler,16,48,kafka-gpfs-producer_linger_5s,3
PeakFinder,500,4,31.5456478596,15.8500469613,Wrangler,17,48,kafka-gpfs-producer_linger_5s,3
PeakFinder,500,4,27.7073481083,18.0457544347,Wrangler,18,48,kafka-gpfs-producer_linger_5s,3
PeakFinder,500,4,37.9883060455,13.1619451365,Wrangler,19,48,kafka-gpfs-producer_linger_5s,3
PeakFinder,500,4,28.9481060505,17.2722871447,Wrangler,20,48,kafka-gpfs-producer_linger_5s,3
PeakFinder,500,4,28.1663298607,17.7516915577,Wrangler,21,48,kafka-gpfs-producer_linger_5s,3
PeakFinder,500,4,27.5151569843,18.1718025554,Wrangler,22,48,kafka-gpfs-producer_linger_5s,3
PeakFinder,500,4,27.8819870949,17.932724748,Wrangler,23,48,kafka-gpfs-producer_linger_5s,3
PeakFinder,500,4,27.5809490681,18.1284552162,Wrangler,24,48,kafka-gpfs-producer_linger_5s,3
PeakFinder,500,1,96.12948894500732,5.20131757161462,Wrangler,1,48,lustre,3
PeakFinder,500,1,57.21638202667236,8.738755969696173,Wrangler,2,48,lustre,3
PeakFinder,500,1,44.28761887550354,11.289837040134055,Wrangler,3,48,lustre,3
PeakFinder,500,1,38.244213819503784,13.073873144831389,Wrangler,4,48,lustre,3
PeakFinder,500,1,34.32328796386719,14.567368969032337,Wrangler,5,48,lustre,3
PeakFinder,500,1,30.624027013778687,16.327049338580935,Wrangler,6,48,lustre,3
PeakFinder,500,1,29.417853116989136,16.996481626704583,Wrangler,7,48,lustre,3
PeakFinder,500,1,28.868064880371094,17.32017722947464,Wrangler,8,48,lustre,3
PeakFinder,500,1,29.46726393699646,16.967981861805796,Wrangler,9,48,lustre,3
PeakFinder,500,1,29.078635931015015,17.194754292676585,Wrangler,10,48,lustre,3
PeakFinder,500,1,28.22785496711731,17.713000175976923,Wrangler,11,48,lustre,3
PeakFinder,500,1,94.99251699447632,5.263572498337678,Wrangler,1,48,lustre,1
PeakFinder,500,1,60.23415493965149,8.300938238462036,Wrangler,2,48,lustre,1
PeakFinder,500,1,47.80404591560364,10.459365738262665,Wrangler,3,48,lustre,1
PeakFinder,500,1,44.43753099441528,11.25175023929295,Wrangler,4,48,lustre,1
PeakFinder,500,1,42.24167203903198,11.836652667015453,Wrangler,5,48,lustre,1
PeakFinder,500,1,41.29871892929077,12.106913070501545,Wrangler,6,48,lustre,1
PeakFinder,500,1,54.02245211601257,9.255411045138343,Wrangler,7,48,lustre,1
PeakFinder,500,1,40.69874596595764,12.285390818140286,Wrangler,8,48,lustre,1
PeakFinder,500,1,46.71153497695923,10.703994211421831,Wrangler,9,48,lustre,1
PeakFinder,500,1,37.68084216117859,13.269342491371772,Wrangler,10,48,lustre,1
PeakFinder,500,1,49.45801901817322,10.109584045739405,Wrangler,11,48,lustre,1
PeakFinder,500,1,52.52260398864746,9.519710791720701,Wrangler,12,48,lustre,1
PeakFinder,500,1,32.029802083969116,15.610461740887544,Wrangler,13,48,lustre,1
PeakFinder,500,1,40.89536690711975,12.226323855599192,Wrangler,14,48,lustre,1
PeakFinder,500,1,46.511637926101685,10.749997684330246,Wrangler,15,48,lustre,1
PeakFinder,500,1,41.698222160339355,11.990918895232122,Wrangler,16,48,lustre,1
PeakFinder,500,1,46.09871006011963,10.846290478582265,Wrangler,17,48,lustre,1
PeakFinder,500,1,52.3789598941803,9.545817652930404,Wrangler,18,48,lustre,1
PeakFinder,500,1,46.54452896118164,10.742401119087539,Wrangler,19,48,lustre,1
PeakFinder,500,1,71.50299191474915,6.992714383142665,Wrangler,20,48,lustre,1
PeakFinder,500,1,42.19982409477234,11.848390620707335,Wrangler,21,48,lustre,1
PeakFinder,500,1,81.23074102401733,6.155305167684805,Wrangler,22,48,lustre,1
PeakFinder,500,1,46.95200991630554,10.649171375011989,Wrangler,23,48,lustre,1
PeakFinder,500,1,38.146841049194336,13.10724521999601,Wrangler,24,48,lustre,1
PeakFinder,500,1,95.40484499931335,5.24082398544433,Wrangler,1,48,lustre,2
PeakFinder,500,1,53.77851414680481,9.297393353693224,Wrangler,2,48,lustre,2
PeakFinder,500,1,43.504027128219604,11.493188861029989,Wrangler,3,48,lustre,2
PeakFinder,500,1,36.90671896934509,13.547668662047757,Wrangler,4,48,lustre,2
PeakFinder,500,1,35.03148007392883,14.27287682235586,Wrangler,5,48,lustre,2
PeakFinder,500,1,31.82218289375305,15.712309921333334,Wrangler,6,48,lustre,2
PeakFinder,500,1,31.711441040039062,15.767180033499484,Wrangler,7,48,lustre,2
PeakFinder,500,1,31.17970085144043,16.036074315860574,Wrangler,8,48,lustre,2
PeakFinder,500,1,31.100041151046753,16.077149144967326,Wrangler,9,48,lustre,2
PeakFinder,500,1,31.092721939086914,16.08093369823135,Wrangler,10,48,lustre,2
PeakFinder,500,1,31.095476150512695,16.079509365922867,Wrangler,11,48,lustre,2
PeakFinder,500,1,31.037832021713257,16.10937257635176,Wrangler,12,48,lustre,2
PeakFinder,500,1,30.840368032455444,16.21251729142193,Wrangler,13,48,lustre,2
PeakFinder,500,1,30.828662157058716,16.21867330644178,Wrangler,14,48,lustre,2
PeakFinder,500,1,30.88488221168518,16.189150296024987,Wrangler,15,48,lustre,2
PeakFinder,500,1,31.659693002700806,15.79295162329421,Wrangler,16,48,lustre,2
PeakFinder,500,1,45.43469595909119,11.00480567648551,Wrangler,17,48,lustre,2
PeakFinder,500,1,36.1696879863739,13.823729974899521,Wrangler,18,48,lustre,2
PeakFinder,500,1,31.546473026275635,15.849632368840119,Wrangler,19,48,lustre,2
PeakFinder,500,1,37.56020498275757,13.311961429111758,Wrangler,20,48,lustre,2
PeakFinder,500,1,36.47618913650513,13.70757230501372,Wrangler,21,48,lustre,2
PeakFinder,500,1,31.478031158447266,15.884093813974857,Wrangler,22,48,lustre,2
PeakFinder,500,1,50.518527030944824,9.897359036096361,Wrangler,23,48,lustre,2
PeakFinder,500,1,31.135591983795166,16.058792145665002,Wrangler,24,48,lustre,2
PeakFinder,500,1,96.33246898651123,5.190357988956055,Wrangler,1,48,lustre,3
PeakFinder,500,1,54.12099289894104,9.238559258024685,Wrangler,2,48,lustre,3
PeakFinder,500,1,42.40878987312317,11.790008663201165,Wrangler,3,48,lustre,3
PeakFinder,500,1,37.4026939868927,13.368021035469228,Wrangler,4,48,lustre,3
PeakFinder,500,1,34.76845598220825,14.380851431995154,Wrangler,5,48,lustre,3
PeakFinder,500,1,32.632412910461426,15.322189056994558,Wrangler,6,48,lustre,3
PeakFinder,500,1,31.717432975769043,15.764201358350206,Wrangler,7,48,lustre,3
PeakFinder,500,1,30.86659812927246,16.198740071903906,Wrangler,8,48,lustre,3
PeakFinder,500,1,31.140349864959717,16.056338550088633,Wrangler,9,48,lustre,3
PeakFinder,500,1,31.34613299369812,15.950930856463884,Wrangler,10,48,lustre,3
PeakFinder,500,1,30.941533088684082,16.15950956815581,Wrangler,11,48,lustre,3
PeakFinder,500,1,31.04960298538208,16.103265482505403,Wrangler,12,48,lustre,3
PeakFinder,500,1,31.146234035491943,16.053305174238304,Wrangler,13,48,lustre,3
PeakFinder,500,1,31.107157945632935,16.07347096362411,Wrangler,14,48,lustre,3
PeakFinder,500,1,31.78127694129944,15.73253336936425,Wrangler,15,48,lustre,3
PeakFinder,500,1,36.04169297218323,13.872822244668061,Wrangler,16,48,lustre,3
PeakFinder,500,1,31.472656965255737,15.886806142613741,Wrangler,17,48,lustre,3
PeakFinder,500,1,31.06529211997986,16.095132731052658,Wrangler,18,48,lustre,3
PeakFinder,500,1,31.152491092681885,16.050080827001867,Wrangler,19,48,lustre,3
PeakFinder,500,1,32.12367010116577,15.564846682380011,Wrangler,20,48,lustre,3
PeakFinder,500,1,31.104035139083862,16.075084720172644,Wrangler,21,48,lustre,3
PeakFinder,500,1,41.61344003677368,12.015348876664639,Wrangler,22,48,lustre,3
PeakFinder,500,4,96.19453811645508,5.197800309563208,Wrangler,1,384,lustre,4
PeakFinder,500,4,56.523041009902954,8.845950095154983,Wrangler,2,384,lustre,4
PeakFinder,500,4,45.9048810005188,10.892087924034684,Wrangler,3,384,lustre,4
PeakFinder,500,4,39.69046998023987,12.597482474985252,Wrangler,4,384,lustre,4
PeakFinder,500,4,34.134663105010986,14.647866846138573,Wrangler,5,384,lustre,4
PeakFinder,500,4,33.53994798660278,14.907596165614816,Wrangler,6,384,lustre,4
PeakFinder,500,4,30.339831113815308,16.479986263744358,Wrangler,8,384,lustre,4
PeakFinder,500,4,26.877980947494507,18.60258778279284,Wrangler,10,384,lustre,4
PeakFinder,500,4,28.43676495552063,17.582872059535433,Wrangler,12,384,lustre,4
PeakFinder,500,4,28.4922878742218,17.54860831840645,Wrangler,12,384,lustre,4
PeakFinder,500,4,28.505532026290894,17.540454938320245,Wrangler,16,384,lustre,4
PeakFinder,500,4,29.352655172348022,17.03423411150315,Wrangler,20,384,lustre,4
PeakFinder,500,4,27.652949810028076,18.081253661360922,Wrangler,24,384,lustre,4
